[
    {
        "question": "j j",
        "category": "General",
        "email": "deepti@gmail.com",
        "date": "2025-04-17 21:55:12",
        "status": "answered",
        "answer": "ji j i0",
        "answered_by": "Admin",
        "answer_date": "2025-04-17 21:56:35"
    },
    {
        "question": "jounu",
        "category": "General",
        "email": "12313906@neocolab.ai",
        "date": "2025-04-17 21:55:58",
        "status": "answered",
        "answer": "ljhjou; gu",
        "answered_by": "Admin",
        "answer_date": "2025-04-18 07:01:55"
    },
    {
        "question": "k;ji",
        "category": "General",
        "email": "molshreepandey23@lpu.in",
        "date": "2025-04-18 07:00:41",
        "status": "answered",
        "answer": "mn l",
        "answered_by": "Admin",
        "answer_date": "2025-04-18 07:02:52"
    },
    {
        "question": "hg ily",
        "category": "General",
        "email": "vishalkumar236@lpu.in",
        "date": "2025-04-18 07:02:44",
        "status": "pending",
        "answer": ""
    },
    {
        "question": "let me more abbut tiger",
        "category": "Animals",
        "email": "sana.bhardwaj321@gmail.com",
        "date": "2025-04-20 14:23:46",
        "status": "pending",
        "answer": ""
    },
    {
        "question": "what is aim of this website",
        "category": "Tours",
        "email": "sana.bhardwaj321@gmail.com",
        "date": "2025-04-20 15:18:32",
        "status": "pending",
        "answer": ""
    },
    {
        "question": "let me know how can i adopt animal from here",
        "category": "Animals",
        "email": "yohani@gmail.com",
        "date": "2025-04-20 15:29:12",
        "status": "pending",
        "answer": ""
    },
    {
        "question": "your que",
        "category": "General",
        "email": "yohani@gmail.com",
        "date": "2025-04-20 16:40:44",
        "status": "pending",
        "answer": ""
    }
]